Alexandre J. Mandarine Sultane,8," 36,60 "
Alexandre J. Silver Ombre,8," 35,60 "
Alexandre J. Iris Violet,8," 34,20 "
Alexandre J. Morning Muscs,8," 32,90 "
Alexandre J. Black Muscs,8," 32,90 "
Miller et Bertaux Tulsivivah !,2," 12,90 "
Alexandre J. Golden Oud,2," 11,90 "
Alexandre J. Rose Oud,2," 12,30 "
Alexandre J. Zafeer Oud Vanille,2," 13,50 "
Mancera Aoud Blue Notes,2," 12,50 "
BeauFort London Fathom V,2," 21,60 "
Versace Versense,2," 12,30 "
Trussardi Donna,2," 11,40 "
Giorgio Armani Acqua di Gio Pour Homme,2," 12,50 "
Mancera Red Tobacco,2," 13,70 "
Thomas Kosmala №4 Apres L'Amour,2," 14,60 "
Marc-Antoine Barrois Encelade,2," 19,70 "
Calvin Klein Reveal,2," 11,40 "
Chanel Allure Edition Blanche,2," 16,70 "
Issey Miyake L'Eau d'Issey pour Homme,2," 11,70 "
Giorgio Armani Si Intense 2021,2," 16,10 "
Alexandre J. Mandarine Sultane,8," 36,60 "
Alexandre J. Silver Ombre,8," 35,60 "
Alexandre J. Iris Violet,8," 34,20 "
Alexandre J. Morning Muscs,8," 32,90 "
Alexandre J. Black Muscs,8," 32,90 "
Miller et Bertaux Tulsivivah !,2," 12,90 "
Alexandre J. Golden Oud,2," 11,90 "
Alexandre J. Rose Oud,2," 12,30 "
Alexandre J. Zafeer Oud Vanille,2," 13,50 "
Mancera Aoud Blue Notes,2," 12,50 "
BeauFort London Fathom V,2," 21,60 "
Versace Versense,2," 12,30 "
Trussardi Donna,2," 11,40 "
Giorgio Armani Acqua di Gio Pour Homme,2," 12,50 "
Mancera Red Tobacco,2," 13,70 "
Thomas Kosmala №4 Apres L'Amour,2," 14,60 "
Marc-Antoine Barrois Encelade,2," 19,70 "
Calvin Klein Reveal,2," 11,40 "
Chanel Allure Edition Blanche,2," 16,70 "
Issey Miyake L'Eau d'Issey pour Homme,2," 11,70 "
Giorgio Armani Si Intense 2021,2," 16,10 "
Christian Dior Poison Girl Eau De Toilette,2," 14,80 "
Miller et Bertaux Menta y Menta,2," 13,40 "
Givenchy Organza,2," 12,90 "
"Стеклянный атомайзер 5 мл с алюминиевым корпусом, 93 мм",5," 5,10 "
"Атомайзер из УФ-стекла 5 мл с алюминиевой крышкой, 74 мм",5," 2,90 "
"Атомайзер из УФ-стекла 10 мл с алюминиевой крышкой, 87 мм",1," 2,90 "
Alexandre J. Mandarine Sultane,8," 36,60 "
Alexandre J. Silver Ombre,8," 35,60 "
Alexandre J. Iris Violet,8," 34,20 "
Alexandre J. Morning Muscs,8," 32,90 "
Alexandre J. Black Muscs,8," 32,90 "
Miller et Bertaux Tulsivivah !,2," 12,90 "
Alexandre J. Golden Oud,2," 11,90 "
Alexandre J. Rose Oud,2," 12,30 "
Alexandre J. Mandarine Sultane,8,"36,60"
Alexandre J. Silver Ombre,8,"35,60"
Alexandre J. Iris Violet,8,"34,20"
Alexandre J. Morning Muscs,8,"32,90"
Alexandre J. Black Muscs,8,"32,90"
Miller et Bertaux Tulsivivah !,2,"12,90"
Alexandre J. Golden Oud,2,"11,90"
Alexandre J. Rose Oud,2,"12,30"
Alexandre J. Zafeer Oud Vanille,2,"13,50"
Mancera Aoud Blue Notes,2,"12,50"
BeauFort London Fathom V,2,"21,60"
Versace Versense,2,"12,30"
Trussardi Donna,2,"11,40"
Giorgio Armani Acqua di Gio Pour Homme,2,"12,50"
Mancera Red Tobacco,2,"13,70"
Thomas Kosmala №4 Apres L'Amour,2,"14,60"
Marc-Antoine Barrois Encelade,2,"19,70"
Calvin Klein Reveal,2,"11,40"
Alexandre J. Mandarine Sultane,8,36.6
Alexandre J. Silver Ombre,8,35.6
Alexandre J. Iris Violet,8,34.2
Alexandre J. Morning Muscs,8,32.9
Alexandre J. Black Muscs,8,32.9
Miller et Bertaux Tulsivivah !,2,12.9
Alexandre J. Golden Oud,2,11.9
Alexandre J. Rose Oud,2,12.3
Alexandre J. Zafeer Oud Vanille,2,13.5
Mancera Aoud Blue Notes,2,12.5
BeauFort London Fathom V,2,21.6
Versace Versense,2,12.3
Trussardi Donna,2,11.4
Giorgio Armani Acqua di Gio Pour Homme,2,12.5
Alexandre J. Mandarine Sultane,8,36.6
Alexandre J. Silver Ombre,8,35.6
Alexandre J. Iris Violet,8,34.2
Alexandre J. Morning Muscs,8,32.9
Alexandre J. Black Muscs,8,32.9
Miller et Bertaux Tulsivivah !,2,12.9
Alexandre J. Golden Oud,2,11.9
Alexandre J. Rose Oud,2,12.3
Alexandre J. Zafeer Oud Vanille,2,13.5
Mancera Aoud Blue Notes,2,12.5
BeauFort London Fathom V,2,21.6
Versace Versense,2,12.3
Trussardi Donna,2,11.4
Giorgio Armani Acqua di Gio Pour Homme,2,12.5
Mancera Red Tobacco,2,13.7
Thomas Kosmala №4 Apres L'Amour,2,14.6
Marc-Antoine Barrois Encelade,2,19.7
Calvin Klein Reveal,2,11.4
Chanel Allure Edition Blanche,2,16.7
Issey Miyake L'Eau d'Issey pour Homme,2,11.7
Giorgio Armani Si Intense 2021,2,16.1
Christian Dior Poison Girl Eau De Toilette,2,14.8
Miller et Bertaux Menta y Menta,2,13.4
Givenchy Organza,2,12.9
"Стеклянный атомайзер 5 мл с алюминиевым корпусом, 93 мм",5,5.1
"Атомайзер из УФ-стекла 5 мл с алюминиевой крышкой, 74 мм",5,2.9
"Атомайзер из УФ-стекла 10 мл с алюминиевой крышкой, 87 мм",1,2.9
Alexandre J. Mandarine Sultane,8,36.6
Alexandre J. Silver Ombre,8,35.6
Alexandre J. Iris Violet,8,34.2
Alexandre J. Morning Muscs,8,32.9
Alexandre J. Black Muscs,8,32.9
Miller et Bertaux Tulsivivah !,2,12.9
Alexandre J. Golden Oud,2,11.9
Alexandre J. Rose Oud,2,12.3
Alexandre J. Zafeer Oud Vanille,2,13.5
Mancera Aoud Blue Notes,2,12.5
BeauFort London Fathom V,2,21.6
Versace Versense,2,12.3
Trussardi Donna,2,11.4
Giorgio Armani Acqua di Gio Pour Homme,2,12.5
Mancera Red Tobacco,2,13.7
Thomas Kosmala №4 Apres L'Amour,2,14.6
Marc-Antoine Barrois Encelade,2,19.7
Calvin Klein Reveal,2,11.4
Chanel Allure Edition Blanche,2,16.7
Issey Miyake L'Eau d'Issey pour Homme,2,11.7
Giorgio Armani Si Intense 2021,2,16.1
Christian Dior Poison Girl Eau De Toilette,2,14.8
Miller et Bertaux Menta y Menta,2,13.4
Givenchy Organza,2,12.9
"Стеклянный атомайзер 5 мл с алюминиевым корпусом, 93 мм",5,5.1
"Атомайзер из УФ-стекла 5 мл с алюминиевой крышкой, 74 мм",5,2.9
"Атомайзер из УФ-стекла 10 мл с алюминиевой крышкой, 87 мм",1,2.9
Dolce&Gabbana Pour Femme Intense,2,13.1
M. Micallef Mon Parfum Pearl,2,15.3
Montale Amber & Spices,2,12.1
Rochas Femme,2,11.2
Cartier Declaration,2,14.1
Guerlain Samsara,2,15.4
Atelier des Ors Lune Feline,2,17.7
Issey Miyake A Drop d'Issey,2,13.2
Tom Ford Bitter Peach,2,38.2
Xerjoff XJ 1861 Naxos,2,18.6
Versace Crystal Noir Eau de Toilette,2,11.4
Nishane Fan Your Flames,2,17.4
Nishane Ani,2,17.1
Mancera Tonka Cola,2,13.1
Essential Parfums Bois Imperial,2,15.7
Dolce&Gabbana Light Blue,2,11.8
Byredo Mixed Emotions,2,19.4
Jo Malone London Wood Sage & Sea Salt,2,19.3
Armaf Club de Nuit White Imperiale,2,11.3
Armaf Club de Nuit Untold,2,11.4
Yves Saint Laurent Libre,2,16.6
"Zielinski & Rozen Sandalwood & Cedarwood, Vetiver, Amber",2,21.3
"Zielinski & Rozen Vetiver & Lemon, Bergamot",2,21.3
"Zielinski & Rozen Orange & Jasmine, Vanilla",2,21.3
Zielinski & Rozen Vanilla Blend,2,21.3
Zielinski & Rozen MOSS 2,2,21.3
"Zielinski & Rozen Neroli & Grapefruit, Vetiver",2,21.3
Zielinski & Rozen Oakmoss & Amber,2,21.3
Tiziana Terenzi Kirke,2,15.2
Byredo Bal d'Afrique,4,37.2
"Zielinski & Rozen Vanilla, Amber, Lavender",2,21.3
"Zielinski & Rozen Orchid & Vanilla, Amber",2,21.3
Ajmal Aurum,2,11.2
"Zielinski & Rozen Lemongrass & Vetiver, Amber",2,21.3
Xerjoff Tony Iommi Monkey Special,2,25.3
Rasasi Rumz Al 9325 Zebra Pour Elle,2,12.7
Chanel Bleu de Chanel Eau De Parfum,2,16.9
